<?xml version="1.0" encoding="UTF-8"?>
<project-private xmlns="http://www.netbeans.org/ns/project-private/1">
    <editor-bookmarks xmlns="http://www.netbeans.org/ns/editor-bookmarks/2" lastBookmarkId="0"/>
    <open-files xmlns="http://www.netbeans.org/ns/projectui-open-files/2">
        <group>
            <file>file:/Users/adrianbarbos/Dropbox/Android/IoT%20Trencadis/IoT-WebAPI/config/gcm/config.php</file>
            <file>file:/Users/adrianbarbos/Dropbox/Android/IoT%20Trencadis/IoT-WebAPI/config/gcm/loader.php</file>
            <file>file:/Users/adrianbarbos/Dropbox/Android/IoT%20Trencadis/IoT-WebAPI/api/index.php</file>
            <file>file:/Users/adrianbarbos/Dropbox/Android/IoT%20Trencadis/IoT-WebAPI/application/cronNotification.php</file>
        </group>
    </open-files>
</project-private>
